                  epoch,         train/box_loss,         train/cls_loss,         train/dfl_loss,   metrics/precision(B),      metrics/recall(B),       metrics/mAP50(B),    metrics/mAP50-95(B),           val/box_loss,           val/cls_loss,           val/dfl_loss,                 lr/pg0,                 lr/pg1,                 lr/pg2
                      0,                  6.158,                 4.3147,                 4.2132,                      0,                      0,                      0,                      0,                 6.5896,                 4.0884,                 4.1606,                  2e-05,                  2e-05,                  2e-05
                      1,                 6.3997,                 4.3331,                 4.2872,                      0,                      0,                      0,                      0,                 6.5896,                 4.0882,                 4.1617,             5.9941e-05,             5.9941e-05,             5.9941e-05
                      2,                 6.4826,                  4.624,                 4.2414,                      0,                      0,                      0,                      0,                 6.5899,                 4.0875,                 4.1636,             9.9802e-05,             9.9802e-05,             9.9802e-05
                      3,                 6.3966,                 4.1141,                 4.1706,                      0,                      0,                      0,                      0,                 6.5903,                 4.0853,                 4.1651,             0.00013958,             0.00013958,             0.00013958
                      4,                 6.2117,                 3.9159,                 4.1498,                      0,                      0,                      0,                      0,                 6.5902,                 4.0882,                 4.1658,             0.00017929,             0.00017929,             0.00017929
                      5,                 6.1133,                 3.7815,                 4.0373,                      0,                      0,                      0,                      0,                 6.5906,                 4.0899,                  4.168,             0.00021891,             0.00021891,             0.00021891
                      6,                 6.0485,                 3.6156,                 3.8233,                      0,                      0,                      0,                      0,                 6.5913,                 4.0957,                 4.1713,             0.00025846,             0.00025846,             0.00025846
                      7,                  4.952,                 2.9388,                 3.9098,                      0,                      0,                      0,                      0,                 6.5934,                 4.1044,                 4.1754,             0.00029792,             0.00029792,             0.00029792
                      8,                 5.2426,                 3.1322,                 3.6866,                      0,                      0,                      0,                      0,                 6.5933,                 4.1061,                  4.178,             0.00033731,             0.00033731,             0.00033731
                      9,                 4.5191,                 2.8373,                 3.8764,                      0,                      0,                      0,                      0,                 6.5935,                 4.1132,                 4.1839,             0.00037661,             0.00037661,             0.00037661
                     10,                 4.0934,                 2.6705,                 3.9066,                      0,                      0,                      0,                      0,                 6.5971,                 4.1256,                 4.1899,             0.00041584,             0.00041584,             0.00041584
                     11,                 4.3418,                 2.5022,                 3.6446,                      0,                      0,                      0,                      0,                 6.5982,                 4.1369,                  4.199,             0.00045499,             0.00045499,             0.00045499
                     12,                 4.2925,                  2.427,                 3.4802,                      0,                      0,                      0,                      0,                  6.601,                 4.1493,                 4.2093,             0.00049406,             0.00049406,             0.00049406
                     13,                 3.7609,                 2.2333,                 3.3741,                      0,                      0,                      0,                      0,                 6.6051,                 4.1691,                 4.2228,             0.00053305,             0.00053305,             0.00053305
                     14,                 3.6909,                 2.2195,                 3.3347,                      0,                      0,                      0,                      0,                 6.6076,                 4.1881,                 4.2397,             0.00057196,             0.00057196,             0.00057196
                     15,                 3.1003,                 1.9707,                  3.272,                      0,                      0,                      0,                      0,                 6.6148,                 4.2044,                 4.2588,             0.00061079,             0.00061079,             0.00061079
                     16,                 3.6528,                 2.0993,                 3.0902,                      0,                      0,                      0,                      0,                 6.6188,                 4.2303,                 4.2807,             0.00064955,             0.00064955,             0.00064955
                     17,                 3.1284,                 1.9674,                 3.1537,                      0,                      0,                      0,                      0,                 6.6241,                 4.2578,                 4.3021,             0.00068822,             0.00068822,             0.00068822
                     18,                 2.9263,                  1.813,                 2.7968,                      0,                      0,                      0,                      0,                 6.6304,                 4.2729,                 4.3225,             0.00072681,             0.00072681,             0.00072681
                     19,                 2.7212,                 1.6577,                 2.8008,                      0,                      0,                      0,                      0,                 6.6351,                 4.2901,                 4.3442,             0.00076533,             0.00076533,             0.00076533
                     20,                 2.7169,                 1.5488,                 2.6228,                      0,                      0,                      0,                      0,                   6.64,                  4.296,                 4.3639,             0.00080376,             0.00080376,             0.00080376
                     21,                 2.5218,                 1.5139,                 2.5691,                      0,                      0,                      0,                      0,                 6.6451,                 4.2966,                 4.3831,             0.00084212,             0.00084212,             0.00084212
                     22,                 2.4011,                  1.485,                 2.4726,                      0,                      0,                      0,                      0,                 6.6524,                 4.3094,                 4.4119,              0.0008804,              0.0008804,              0.0008804
                     23,                 2.4263,                 1.4558,                 2.3516,                      0,                      0,                      0,                      0,                 6.6577,                  4.309,                 4.4361,              0.0009186,              0.0009186,              0.0009186
                     24,                 2.5301,                 1.4696,                 2.3298,                      0,                      0,                      0,                      0,                 6.6628,                 4.3068,                 4.4587,             0.00095672,             0.00095672,             0.00095672
                     25,                 2.5192,                 1.4339,                 2.2309,                      0,                      0,                      0,                      0,                 6.6692,                 4.3202,                 4.4835,             0.00099475,             0.00099475,             0.00099475
                     26,                 2.3939,                 1.3767,                 2.0923,                      0,                      0,                      0,                      0,                 6.6778,                 4.3434,                 4.5226,              0.0010327,              0.0010327,              0.0010327
                     27,                 2.2765,                   1.34,                 1.9934,                      0,                      0,                      0,                      0,                 6.6778,                 4.3434,                 4.5226,              0.0010706,              0.0010706,              0.0010706
                     28,                 1.8601,                 1.2174,                 2.0334,                      0,                      0,                      0,                      0,                 6.6848,                 4.3775,                 4.5651,              0.0011084,              0.0011084,              0.0011084
                     29,                 2.0192,                 1.2775,                 1.9346,                      0,                      0,                      0,                      0,                 6.6924,                 4.1356,                   4.61,              0.0011461,              0.0011461,              0.0011461
                     30,                 2.1229,                  1.324,                 1.8741,                      0,                      0,                      0,                      0,                 6.6924,                 4.1356,                   4.61,              0.0011838,              0.0011838,              0.0011838
                     31,                 1.9802,                 1.2155,                 1.7737,                      0,                      0,                      0,                      0,                 6.6961,                 4.2057,                 4.6384,              0.0012213,              0.0012213,              0.0012213
                     32,                 1.9046,                 1.2664,                 1.8096,                      0,                      0,                      0,                      0,                 6.6947,                 4.2061,                 4.6313,              0.0012588,              0.0012588,              0.0012588
                     33,                 1.8152,                 1.2276,                 1.8437,                      0,                      0,                      0,                      0,                 6.6947,                 4.2061,                 4.6313,              0.0012962,              0.0012962,              0.0012962
                     34,                 1.8933,                  1.144,                 1.6482,                      0,                      0,                      0,                      0,                 6.6897,                 4.1469,                 4.5974,              0.0013335,              0.0013335,              0.0013335
                     35,                 1.7716,                 1.1218,                 1.5837,                      0,                      0,                      0,                      0,                 6.6838,                 4.1478,                 4.5673,              0.0013708,              0.0013708,              0.0013708
                     36,                 1.8268,                 1.2304,                 1.7144,                      0,                      0,                      0,                      0,                 6.6838,                 4.1478,                 4.5673,               0.001408,               0.001408,               0.001408
                     37,                 1.6008,                 1.1451,                 1.7146,                      0,                      0,                      0,                      0,                 6.6842,                 4.1616,                 4.5678,              0.0014451,              0.0014451,              0.0014451
                     38,                 1.7039,                  1.086,                 1.6451,                      0,                      0,                      0,                      0,                 6.6817,                 4.1605,                 4.5562,              0.0014821,              0.0014821,              0.0014821
                     39,                 1.4662,                 1.0468,                 1.5285,                      0,                      0,                      0,                      0,                 6.6817,                 4.1605,                 4.5562,               0.001519,               0.001519,               0.001519
                     40,                  1.621,                  1.048,                 1.4867,                      0,                      0,                      0,                      0,                 6.6822,                 4.2031,                 4.5546,              0.0015558,              0.0015558,              0.0015558
                     41,                  1.696,                 1.0059,                 1.4064,                      0,                      0,                      0,                      0,                  6.682,                 4.2084,                 4.5465,              0.0015926,              0.0015926,              0.0015926
                     42,                 1.6558,                 1.0731,                 1.4616,                      0,                      0,                      0,                      0,                  6.682,                 4.2084,                 4.5465,              0.0016293,              0.0016293,              0.0016293
                     43,                 1.5613,                 1.0854,                 1.4854,                      0,                      0,                      0,                      0,                 6.6897,                 4.2313,                  4.582,              0.0016659,              0.0016659,              0.0016659
                     44,                 1.5614,                 1.1716,                 1.5927,                      0,                      0,                      0,                      0,                 6.6897,                 4.2313,                  4.582,              0.0017025,              0.0017025,              0.0017025
                     45,                 1.6132,                 1.1026,                 1.3667,                      0,                      0,                      0,                      0,                 6.6953,                 4.2726,                  4.618,              0.0017389,              0.0017389,              0.0017389
                     46,                 1.5243,                 1.0789,                 1.3977,                      0,                      0,                      0,                      0,                 6.6953,                 4.2726,                  4.618,              0.0017753,              0.0017753,              0.0017753
                     47,                  1.899,                 1.0908,                 1.3734,                      0,                      0,                      0,                      0,                 6.6927,                 4.2384,                 4.6029,              0.0018116,              0.0018116,              0.0018116
                     48,                 1.5126,                 1.0679,                 1.4194,                      0,                      0,                      0,                      0,                 6.6927,                 4.2384,                 4.6029,              0.0018478,              0.0018478,              0.0018478
                     49,                 1.5323,                 1.0175,                 1.3395,                      0,                      0,                      0,                      0,                 6.6702,                 4.1707,                 4.4857,               0.001884,               0.001884,               0.001884
                     50,                 1.4223,                0.99323,                 1.3137,                      0,                      0,                      0,                      0,                 6.6702,                 4.1707,                 4.4857,               0.001901,               0.001901,               0.001901
                     51,                  1.408,                 1.0723,                 1.4104,                      0,                      0,                      0,                      0,                 6.6321,                 4.0692,                 4.3213,               0.001901,               0.001901,               0.001901
                     52,                 1.4664,                 1.0864,                 1.3408,                      0,                      0,                      0,                      0,                 6.6321,                 4.0692,                 4.3213,               0.001899,               0.001899,               0.001899
                     53,                 1.4047,                 1.0587,                 1.4148,                      0,                      0,                      0,                      0,                 6.5526,                 4.0695,                  4.073,               0.001897,               0.001897,               0.001897
                     54,                 1.3141,                 1.0267,                 1.4228,                      0,                      0,                      0,                      0,                 6.5526,                 4.0695,                  4.073,              0.0018951,              0.0018951,              0.0018951
                     55,                 1.3422,                0.95728,                 1.2691,                      0,                      0,                      0,                      0,                 6.4568,                 3.9001,                 3.8763,              0.0018931,              0.0018931,              0.0018931
                     56,                 1.2791,                0.93878,                 1.2678,                      0,                      0,                      0,                      0,                 6.4568,                 3.9001,                 3.8763,              0.0018911,              0.0018911,              0.0018911
                     57,                 1.4559,                 1.0368,                 1.2763,                0.00019,                0.00223,                 0.0001,                  2e-05,                  6.373,                 3.7747,                  3.757,              0.0018891,              0.0018891,              0.0018891
                     58,                 1.3458,                0.93748,                 1.2118,                0.00019,                0.00223,                 0.0001,                  2e-05,                  6.373,                 3.7747,                  3.757,              0.0018871,              0.0018871,              0.0018871
                     59,                 1.2413,                 0.9754,                 1.2704,                0.00017,                0.00223,                  9e-05,                  4e-05,                 6.2468,                 3.6856,                 3.6324,              0.0018852,              0.0018852,              0.0018852
                     60,                 1.2494,                0.91504,                 1.2653,                0.00017,                0.00223,                  9e-05,                  4e-05,                 6.2468,                 3.6856,                 3.6324,              0.0018832,              0.0018832,              0.0018832
                     61,                 1.5456,                0.98122,                 1.2737,                0.00127,                0.01782,                0.00075,                0.00015,                 5.7847,                 3.4745,                  3.412,              0.0018812,              0.0018812,              0.0018812
                     62,                 1.3908,                 0.9876,                 1.2883,                0.00127,                0.01782,                0.00075,                0.00015,                 5.7847,                 3.4745,                  3.412,              0.0018792,              0.0018792,              0.0018792
                     63,                 1.4351,                 1.0161,                 1.2372,                0.02143,                0.30067,                0.10766,                0.02675,                 4.0762,                 2.8735,                   3.05,              0.0018772,              0.0018772,              0.0018772
                     64,                    1.6,                 1.0886,                 1.4115,                0.02143,                0.30067,                0.10766,                0.02675,                 4.0762,                 2.8735,                   3.05,              0.0018753,              0.0018753,              0.0018753
                     65,                 1.4296,                 1.0337,                 1.2185,                0.04794,                0.67261,                0.17612,                0.05869,                 2.8973,                 2.4377,                  2.632,              0.0018733,              0.0018733,              0.0018733
                     66,                 1.4928,                 1.0422,                 1.3084,                0.04794,                0.67261,                0.17612,                0.05869,                 2.8973,                 2.4377,                  2.632,              0.0018713,              0.0018713,              0.0018713
                     67,                 1.4157,                0.97637,                 1.2823,                0.32273,                0.31414,                0.28479,                0.08644,                 2.4258,                 2.0455,                 2.1361,              0.0018693,              0.0018693,              0.0018693
                     68,                 1.2359,                0.91956,                 1.2372,                0.32273,                0.31414,                0.28479,                0.08644,                 2.4258,                 2.0455,                 2.1361,              0.0018673,              0.0018673,              0.0018673
                     69,                 1.2514,                0.93409,                 1.2347,                0.55516,                0.49197,                0.54988,                0.21699,                 1.9481,                 1.6096,                 1.7015,              0.0018654,              0.0018654,              0.0018654
                     70,                 1.3333,                 1.0131,                 1.2633,                0.55516,                0.49197,                0.54988,                0.21699,                 1.9481,                 1.6096,                 1.7015,              0.0018634,              0.0018634,              0.0018634
                     71,                 1.4326,                 0.9701,                  1.255,                0.66349,                0.61477,                 0.6936,                0.33113,                 1.7403,                 1.3605,                  1.512,              0.0018614,              0.0018614,              0.0018614
                     72,                 1.2986,                0.97103,                 1.3244,                0.66349,                0.61477,                 0.6936,                0.33113,                 1.7403,                 1.3605,                  1.512,              0.0018594,              0.0018594,              0.0018594
                     73,                 1.4168,                 1.0118,                 1.2274,                0.65011,                 0.7035,                0.74633,                0.32948,                 1.7433,                 1.2849,                 1.4663,              0.0018574,              0.0018574,              0.0018574
                     74,                 1.3223,                 1.0305,                 1.3374,                0.65011,                 0.7035,                0.74633,                0.32948,                 1.7433,                 1.2849,                 1.4663,              0.0018555,              0.0018555,              0.0018555
                     75,                 1.1762,                0.88762,                 1.1262,                0.68227,                 0.7652,                0.77955,                0.32461,                 1.7773,                 1.2896,                 1.4632,              0.0018535,              0.0018535,              0.0018535
                     76,                 1.3007,                0.95871,                 1.2008,                0.68227,                 0.7652,                0.77955,                0.32461,                 1.7773,                 1.2896,                 1.4632,              0.0018515,              0.0018515,              0.0018515
                     77,                 1.2829,                0.95688,                 1.2086,                0.73489,                0.82109,                0.84385,                0.42053,                 1.6129,                 1.1557,                 1.3776,              0.0018495,              0.0018495,              0.0018495
                     78,                 1.2183,                0.87209,                 1.1944,                0.73489,                0.82109,                0.84385,                0.42053,                 1.6129,                 1.1557,                 1.3776,              0.0018475,              0.0018475,              0.0018475
                     79,                 1.2347,                0.91232,                 1.1884,                0.76992,                0.83472,                0.85944,                0.56336,                 1.2292,                 1.0024,                 1.2472,              0.0018456,              0.0018456,              0.0018456
                     80,                 1.0995,                0.85215,                 1.1439,                0.76992,                0.83472,                0.85944,                0.56336,                 1.2292,                 1.0024,                 1.2472,              0.0018436,              0.0018436,              0.0018436
                     81,                 1.5257,                0.92858,                 1.1282,                0.72652,                0.84187,                0.85604,                0.53371,                 1.2754,                0.97753,                 1.2349,              0.0018416,              0.0018416,              0.0018416
                     82,                 1.2594,                0.95688,                 1.1319,                0.72652,                0.84187,                0.85604,                0.53371,                 1.2754,                0.97753,                 1.2349,              0.0018396,              0.0018396,              0.0018396
                     83,                 1.3875,                0.99054,                 1.1656,                0.78779,                0.85301,                0.88509,                0.58002,                 1.1724,                0.90259,                 1.2041,              0.0018376,              0.0018376,              0.0018376
                     84,                 1.1283,                0.90951,                 1.1455,                0.78779,                0.85301,                0.88509,                0.58002,                 1.1724,                0.90259,                 1.2041,              0.0018357,              0.0018357,              0.0018357
                     85,                 1.1816,                 1.0204,                 1.2148,                0.82776,                0.85078,                0.91515,                0.66365,                 1.0704,                0.83441,                 1.1697,              0.0018337,              0.0018337,              0.0018337
                     86,                 1.2149,                 0.9091,                   1.17,                0.82776,                0.85078,                0.91515,                0.66365,                 1.0704,                0.83441,                 1.1697,              0.0018317,              0.0018317,              0.0018317
                     87,                 1.2502,                0.91552,                 1.1402,                0.80981,                0.83519,                0.89164,                0.65947,                 1.0164,                0.83605,                  1.142,              0.0018297,              0.0018297,              0.0018297
                     88,                 1.2021,                0.92962,                 1.1506,                0.80981,                0.83519,                0.89164,                0.65947,                 1.0164,                0.83605,                  1.142,              0.0018277,              0.0018277,              0.0018277
                     89,                 1.1222,                0.90482,                 1.1642,                0.80874,                0.85078,                0.89687,                0.65104,                 1.0458,                0.82843,                 1.1441,              0.0018258,              0.0018258,              0.0018258
                     90,                 1.1669,                0.92933,                 1.1341,                0.80874,                0.85078,                0.89687,                0.65104,                 1.0458,                0.82843,                 1.1441,              0.0018238,              0.0018238,              0.0018238
                     91,                 1.1756,                0.94792,                 1.2211,                0.80514,                0.89532,                 0.9103,                0.64844,                 1.0884,                0.81072,                 1.1443,              0.0018218,              0.0018218,              0.0018218
                     92,                 1.1235,                0.87572,                 1.1127,                0.80514,                0.89532,                 0.9103,                0.64844,                 1.0884,                0.81072,                 1.1443,              0.0018198,              0.0018198,              0.0018198
                     93,                 1.1524,                0.84833,                 1.1233,                0.81331,                0.85381,                0.90342,                0.67704,                0.99717,                0.82176,                 1.1334,              0.0018178,              0.0018178,              0.0018178
                     94,                 1.0603,                0.88016,                 1.1561,                0.81331,                0.85381,                0.90342,                0.67704,                0.99717,                0.82176,                 1.1334,              0.0018159,              0.0018159,              0.0018159
                     95,                 1.1065,                 0.8845,                 1.1704,                0.82038,                0.88496,                0.91852,                0.69977,                0.94478,                0.79205,                 1.1088,              0.0018139,              0.0018139,              0.0018139
                     96,                 1.1088,                0.84085,                 1.0993,                0.82038,                0.88496,                0.91852,                0.69977,                0.94478,                0.79205,                 1.1088,              0.0018119,              0.0018119,              0.0018119
                     97,                 1.0564,                0.87032,                 1.1323,                0.82441,                0.87082,                0.92342,                0.69445,                0.96228,                0.79625,                 1.0941,              0.0018099,              0.0018099,              0.0018099
                     98,                 1.1166,                0.86043,                 1.0853,                0.82441,                0.87082,                0.92342,                0.69445,                0.96228,                0.79625,                 1.0941,              0.0018079,              0.0018079,              0.0018079
                     99,                 1.1289,                0.87189,                  1.163,                0.84245,                0.84187,                0.92094,                0.62061,                 1.1356,                0.84647,                 1.1192,               0.001806,               0.001806,               0.001806
                    100,                 1.0915,                0.89676,                 1.1607,                0.84245,                0.84187,                0.92094,                0.62061,                 1.1356,                0.84647,                 1.1192,               0.001804,               0.001804,               0.001804
                    101,                 1.0957,                0.83406,                 1.1284,                0.84524,                 0.8441,                0.92229,                0.64065,                  1.036,                 0.8165,                 1.0917,               0.001802,               0.001802,               0.001802
                    102,                 1.0368,                0.84889,                 1.1055,                0.84524,                 0.8441,                0.92229,                0.64065,                  1.036,                 0.8165,                 1.0917,                 0.0018,                 0.0018,                 0.0018
                    103,                 1.0389,                0.81282,                 1.0906,                 0.8304,                0.86145,                0.92238,                0.70645,                 0.9242,                0.77801,                 1.0678,               0.001798,               0.001798,               0.001798
                    104,                 1.0973,                0.80712,                 1.0615,                 0.8304,                0.86145,                0.92238,                0.70645,                 0.9242,                0.77801,                 1.0678,              0.0017961,              0.0017961,              0.0017961
                    105,                 1.1046,                0.88445,                 1.0871,                  0.851,                0.83964,                0.91933,                0.69346,                0.94403,                0.78597,                 1.0762,              0.0017941,              0.0017941,              0.0017941
                    106,                 1.0804,                0.80603,                 1.1298,                  0.851,                0.83964,                0.91933,                0.69346,                0.94403,                0.78597,                 1.0762,              0.0017921,              0.0017921,              0.0017921
                    107,                 1.0532,                0.80583,                 1.0964,                 0.8286,                0.84855,                0.90743,                0.66198,                0.98127,                0.80981,                 1.0844,              0.0017901,              0.0017901,              0.0017901
                    108,                0.99496,                0.82675,                 1.0447,                 0.8286,                0.84855,                0.90743,                0.66198,                0.98127,                0.80981,                 1.0844,              0.0017881,              0.0017881,              0.0017881
                    109,                 1.0724,                0.84774,                 1.1131,                0.83951,                 0.8441,                 0.9119,                0.66223,                0.97063,                 0.8047,                 1.0725,              0.0017862,              0.0017862,              0.0017862
                    110,                 1.2054,                0.87022,                 1.0765,                0.83951,                 0.8441,                 0.9119,                0.66223,                0.97063,                 0.8047,                 1.0725,              0.0017842,              0.0017842,              0.0017842
                    111,                 1.1961,                0.83599,                 1.0738,                0.79786,                0.91537,                0.92464,                0.69262,                0.91898,                0.85829,                 1.0516,              0.0017822,              0.0017822,              0.0017822
                    112,                0.98024,                0.79187,                 1.1001,                0.79786,                0.91537,                0.92464,                0.69262,                0.91898,                0.85829,                 1.0516,              0.0017802,              0.0017802,              0.0017802
                    113,                 0.9508,                0.80786,                 1.1271,                0.80475,                0.90423,                0.92275,                0.73529,                0.82523,                0.88275,                 1.0229,              0.0017782,              0.0017782,              0.0017782
                    114,                0.99023,                0.81518,                 1.1195,                0.80475,                0.90423,                0.92275,                0.73529,                0.82523,                0.88275,                 1.0229,              0.0017763,              0.0017763,              0.0017763
                    115,                 1.0532,                0.80803,                 1.0888,                0.78991,                0.92948,                 0.9276,                0.71737,                0.86027,                 0.8506,                 1.0259,              0.0017743,              0.0017743,              0.0017743
                    116,                 0.9912,                0.78648,                 1.1064,                0.78991,                0.92948,                 0.9276,                0.71737,                0.86027,                 0.8506,                 1.0259,              0.0017723,              0.0017723,              0.0017723
                    117,                0.98623,                0.79083,                 1.0718,                0.84842,                0.84767,                0.91879,                0.67112,                0.95007,                0.79729,                 1.0428,              0.0017703,              0.0017703,              0.0017703
                    118,                 1.0652,                0.81656,                 1.0905,                0.84842,                0.84767,                0.91879,                0.67112,                0.95007,                0.79729,                 1.0428,              0.0017683,              0.0017683,              0.0017683
                    119,                0.92178,                0.81121,                 1.0783,                0.81442,                0.88196,                0.91864,                0.68625,                 0.9061,                0.77628,                 1.0288,              0.0017664,              0.0017664,              0.0017664
                    120,                 1.3251,                0.99035,                 1.0421,                0.81442,                0.88196,                0.91864,                0.68625,                 0.9061,                0.77628,                 1.0288,              0.0017644,              0.0017644,              0.0017644
                    121,                 0.9664,                0.77077,                 1.0433,                0.82082,                  0.902,                 0.9286,                 0.6972,                0.90399,                0.79845,                 1.0235,              0.0017624,              0.0017624,              0.0017624
                    122,                0.94388,                0.78071,                 1.0463,                0.82082,                  0.902,                 0.9286,                 0.6972,                0.90399,                0.79845,                 1.0235,              0.0017604,              0.0017604,              0.0017604
                    123,                0.89422,                0.75784,                 1.0413,                0.82136,                0.90423,                0.93519,                0.72837,                 0.8511,                0.77842,                 1.0107,              0.0017584,              0.0017584,              0.0017584
                    124,                0.91386,                0.71734,                 1.0408,                0.82136,                0.90423,                0.93519,                0.72837,                 0.8511,                0.77842,                 1.0107,              0.0017565,              0.0017565,              0.0017565
                    125,                 1.0066,                0.77967,                 1.0907,                0.82847,                 0.8931,                0.93034,                0.72097,                0.87826,                0.75647,                 1.0103,              0.0017545,              0.0017545,              0.0017545
                    126,                0.91606,                0.72591,                 1.0405,                0.82847,                 0.8931,                0.93034,                0.72097,                0.87826,                0.75647,                 1.0103,              0.0017525,              0.0017525,              0.0017525
                    127,                0.89931,                0.72162,                 1.0494,                0.82413,                0.88711,                0.93098,                0.71639,                0.86953,                0.74038,                 1.0115,              0.0017505,              0.0017505,              0.0017505
                    128,                0.96906,                0.75148,                 1.0263,                0.82413,                0.88711,                0.93098,                0.71639,                0.86953,                0.74038,                 1.0115,              0.0017485,              0.0017485,              0.0017485
                    129,                 0.9246,                0.77905,                 1.0512,                0.82329,                0.88197,                0.92991,                0.71902,                0.86591,                0.72952,                 1.0169,              0.0017466,              0.0017466,              0.0017466
                    130,                0.95218,                0.76868,                 1.0532,                0.82329,                0.88197,                0.92991,                0.71902,                0.86591,                0.72952,                 1.0169,              0.0017446,              0.0017446,              0.0017446
                    131,                0.97153,                0.74966,                 1.0624,                0.84589,                0.84351,                0.91815,                0.65587,                0.97875,                0.77307,                 1.0484,              0.0017426,              0.0017426,              0.0017426
                    132,                 1.0022,                0.73775,                 1.0387,                0.84589,                0.84351,                0.91815,                0.65587,                0.97875,                0.77307,                 1.0484,              0.0017406,              0.0017406,              0.0017406
                    133,                0.98982,                0.76334,                 1.0638,                0.82357,                0.84855,                0.91539,                0.67229,                0.91267,                 0.7545,                 1.0333,              0.0017386,              0.0017386,              0.0017386
                    134,                 1.0073,                0.79133,                 1.0548,                0.82357,                0.84855,                0.91539,                0.67229,                0.91267,                 0.7545,                 1.0333,              0.0017367,              0.0017367,              0.0017367
                    135,                0.93727,                0.75587,                 1.0465,                0.81309,                0.89978,                0.92378,                0.70913,                0.86544,                0.70807,                 1.0137,              0.0017347,              0.0017347,              0.0017347
                    136,                0.90877,                0.75053,                 1.0404,                0.81309,                0.89978,                0.92378,                0.70913,                0.86544,                0.70807,                 1.0137,              0.0017327,              0.0017327,              0.0017327
                    137,                0.89911,                0.74438,                 1.0505,                0.82205,                0.89513,                0.91401,                0.72213,                0.85024,                0.69912,                 1.0088,              0.0017307,              0.0017307,              0.0017307
                    138,                 1.2688,                 0.8496,                 1.0594,                0.82205,                0.89513,                0.91401,                0.72213,                0.85024,                0.69912,                 1.0088,              0.0017287,              0.0017287,              0.0017287
                    139,                 1.0012,                0.75349,                 1.0442,                0.83337,                0.89108,                0.90995,                0.73806,                0.76927,                0.68282,                0.99592,              0.0017268,              0.0017268,              0.0017268
                    140,                0.91098,                0.78329,                  1.076,                0.83337,                0.89108,                0.90995,                0.73806,                0.76927,                0.68282,                0.99592,              0.0017248,              0.0017248,              0.0017248
                    141,                0.95328,                0.79247,                 1.0302,                0.80947,                 0.9084,                0.93312,                0.66802,                 0.9987,                0.70835,                  1.056,              0.0017228,              0.0017228,              0.0017228
                    142,                0.95227,                0.73868,                 1.0451,                0.80947,                 0.9084,                0.93312,                0.66802,                 0.9987,                0.70835,                  1.056,              0.0017208,              0.0017208,              0.0017208
                    143,                0.94819,                 0.7482,                 1.0525,                0.83126,                0.82851,                0.90598,                 0.6207,                 1.1092,                0.79666,                 1.1003,              0.0017188,              0.0017188,              0.0017188
                    144,                 1.0109,                 0.7751,                 1.0643,                0.83126,                0.82851,                0.90598,                 0.6207,                 1.1092,                0.79666,                 1.1003,              0.0017169,              0.0017169,              0.0017169
                    145,                0.94728,                 0.7459,                  1.028,                0.82303,                0.81828,                0.89478,                0.68994,                0.86913,                0.76905,                 1.0414,              0.0017149,              0.0017149,              0.0017149
                    146,                0.85274,                0.78507,                 1.0283,                0.82303,                0.81828,                0.89478,                0.68994,                0.86913,                0.76905,                 1.0414,              0.0017129,              0.0017129,              0.0017129
                    147,                0.93969,                0.76842,                 1.0337,                0.83808,                0.87613,                0.92766,                0.74056,                0.81302,                0.70197,                0.99918,              0.0017109,              0.0017109,              0.0017109
                    148,                0.91479,                0.70993,                 1.0152,                0.83808,                0.87613,                0.92766,                0.74056,                0.81302,                0.70197,                0.99918,              0.0017089,              0.0017089,              0.0017089
                    149,                 1.0304,                0.72239,                 1.0114,                0.82183,                0.90402,                0.92615,                   0.71,                0.88519,                0.74997,                0.99965,               0.001707,               0.001707,               0.001707
                    150,                0.88328,                0.72245,                 1.0283,                0.82183,                0.90402,                0.92615,                   0.71,                0.88519,                0.74997,                0.99965,               0.001705,               0.001705,               0.001705
                    151,                0.92419,                0.73632,                 1.0294,                0.82392,                0.88584,                0.90377,                0.67391,                0.93076,                0.77461,                  1.001,               0.001703,               0.001703,               0.001703
                    152,                0.88252,                0.69731,                  0.997,                0.82392,                0.88584,                0.90377,                0.67391,                0.93076,                0.77461,                  1.001,               0.001701,               0.001701,               0.001701
                    153,                 1.0347,                0.75037,                 1.0114,                0.82725,                0.89087,                0.90334,                0.70046,                0.87838,                0.73127,                0.99505,               0.001699,               0.001699,               0.001699
                    154,                0.85305,                0.70072,                 1.0313,                0.82725,                0.89087,                0.90334,                0.70046,                0.87838,                0.73127,                0.99505,              0.0016971,              0.0016971,              0.0016971
                    155,                0.95061,                0.73752,                 1.0618,                0.81327,                0.91181,                0.92523,                0.72988,                0.79248,                0.70697,                0.98443,              0.0016951,              0.0016951,              0.0016951
                    156,                0.93696,                0.68691,                0.99266,                0.81327,                0.91181,                0.92523,                0.72988,                0.79248,                0.70697,                0.98443,              0.0016931,              0.0016931,              0.0016931
                    157,                0.93619,                0.72925,                 1.0114,                0.80093,                0.93189,                0.93843,                 0.7287,                0.80763,                 0.6833,                0.98532,              0.0016911,              0.0016911,              0.0016911
                    158,                0.88686,                0.70084,                 1.0395,                0.80093,                0.93189,                0.93843,                 0.7287,                0.80763,                 0.6833,                0.98532,              0.0016891,              0.0016891,              0.0016891
                    159,                0.94652,                0.71953,                 0.9888,                0.85134,                0.88009,                0.93161,                0.69228,                0.91385,                 0.7034,                 1.0053,              0.0016872,              0.0016872,              0.0016872
                    160,                0.93219,                0.71159,                 1.0039,                0.85134,                0.88009,                0.93161,                0.69228,                0.91385,                 0.7034,                 1.0053,              0.0016852,              0.0016852,              0.0016852
                    161,                0.95203,                0.76063,                 1.0599,                0.85044,                0.85969,                0.92725,                0.69947,                0.87802,                0.69203,                0.99975,              0.0016832,              0.0016832,              0.0016832
                    162,                0.92364,                0.76491,                 1.0257,                0.85044,                0.85969,                0.92725,                0.69947,                0.87802,                0.69203,                0.99975,              0.0016812,              0.0016812,              0.0016812
                    163,                 1.0067,                0.76052,                 1.0077,                0.86283,                0.85746,                0.93267,                0.73524,                 0.7767,                0.66151,                0.97936,              0.0016792,              0.0016792,              0.0016792
                    164,                0.86714,                0.69033,                 1.0043,                0.86283,                0.85746,                0.93267,                0.73524,                 0.7767,                0.66151,                0.97936,              0.0016773,              0.0016773,              0.0016773
                    165,                0.85596,                0.70307,                 1.0111,                0.87014,                0.85969,                0.93903,                0.75977,                0.77884,                0.65164,                 0.9729,              0.0016753,              0.0016753,              0.0016753
                    166,                 0.8853,                0.68536,                 1.0184,                0.87014,                0.85969,                0.93903,                0.75977,                0.77884,                0.65164,                 0.9729,              0.0016733,              0.0016733,              0.0016733
                    167,                0.86433,                0.66051,                  1.011,                  0.853,                 0.8686,                0.93936,                0.75023,                0.79996,                0.65472,                0.97611,              0.0016713,              0.0016713,              0.0016713
                    168,                0.91214,                0.73024,                 1.0431,                  0.853,                 0.8686,                0.93936,                0.75023,                0.79996,                0.65472,                0.97611,              0.0016693,              0.0016693,              0.0016693
                    169,                0.87047,                0.66342,                0.99725,                0.84105,                0.89562,                0.93956,                0.71926,                0.84619,                0.67262,                0.98304,              0.0016674,              0.0016674,              0.0016674
                    170,                0.85096,                0.67608,                0.98879,                0.84105,                0.89562,                0.93956,                0.71926,                0.84619,                0.67262,                0.98304,              0.0016654,              0.0016654,              0.0016654
                    171,                0.84151,                0.69604,                0.99361,                0.84499,                0.89841,                0.93968,                0.74292,                0.78201,                0.65586,                0.97097,              0.0016634,              0.0016634,              0.0016634
                    172,                0.86077,                 0.6553,                 0.9851,                0.84499,                0.89841,                0.93968,                0.74292,                0.78201,                0.65586,                0.97097,              0.0016614,              0.0016614,              0.0016614
                    173,                0.86729,                0.70723,                 1.0132,                0.85085,                0.88938,                0.93938,                0.75517,                0.75752,                 0.6596,                0.97247,              0.0016594,              0.0016594,              0.0016594
                    174,                0.86557,                0.71487,                 1.0295,                0.85085,                0.88938,                0.93938,                0.75517,                0.75752,                 0.6596,                0.97247,              0.0016575,              0.0016575,              0.0016575
                    175,                0.88912,                 0.7079,                0.99833,                 0.8667,                0.87305,                0.93798,                0.72835,                0.83102,                0.67652,                0.98308,              0.0016555,              0.0016555,              0.0016555
                    176,                   0.86,                 0.7854,                 1.0236,                 0.8667,                0.87305,                0.93798,                0.72835,                0.83102,                0.67652,                0.98308,              0.0016535,              0.0016535,              0.0016535
                    177,                0.93552,                0.74595,                 1.0079,                0.88369,                0.85301,                0.93557,                0.73561,                0.81545,                0.67555,                0.98365,              0.0016515,              0.0016515,              0.0016515
                    178,                0.86763,                0.68158,                0.97969,                0.88369,                0.85301,                0.93557,                0.73561,                0.81545,                0.67555,                0.98365,              0.0016495,              0.0016495,              0.0016495
                    179,                0.92146,                0.73927,                 1.0087,                0.88998,                0.82877,                0.92921,                0.68561,                 0.9985,                0.70551,                 1.0293,              0.0016476,              0.0016476,              0.0016476
                    180,                0.92812,                0.72642,                0.97036,                0.88998,                0.82877,                0.92921,                0.68561,                 0.9985,                0.70551,                 1.0293,              0.0016456,              0.0016456,              0.0016456
                    181,                0.93764,                0.69387,                 1.0318,                0.84416,                0.85523,                0.91989,                0.70145,                0.91451,                0.72123,                 1.0161,              0.0016436,              0.0016436,              0.0016436
                    182,                 0.9458,                0.75729,                 1.0495,                0.84416,                0.85523,                0.91989,                0.70145,                0.91451,                0.72123,                 1.0161,              0.0016416,              0.0016416,              0.0016416
                    183,                0.88781,                0.70644,                  1.026,                0.85468,                0.87528,                0.92334,                0.71933,                0.80408,                  0.706,                0.98371,              0.0016396,              0.0016396,              0.0016396
                    184,                0.90249,                0.66558,                0.99225,                0.85468,                0.87528,                0.92334,                0.71933,                0.80408,                  0.706,                0.98371,              0.0016377,              0.0016377,              0.0016377
                    185,                 0.8264,                0.68585,                 1.0098,                0.83862,                0.91537,                0.94212,                0.71654,                0.91462,                0.67375,                0.98954,              0.0016357,              0.0016357,              0.0016357
                    186,                0.90888,                0.67434,                0.99669,                0.83862,                0.91537,                0.94212,                0.71654,                0.91462,                0.67375,                0.98954,              0.0016337,              0.0016337,              0.0016337
                    187,                0.90866,                0.68135,                0.98362,                0.84867,                0.87528,                 0.9189,                0.72803,                   0.81,                0.67198,                 0.9707,              0.0016317,              0.0016317,              0.0016317
                    188,                0.81238,                0.69615,                0.98852,                0.84867,                0.87528,                 0.9189,                0.72803,                   0.81,                0.67198,                 0.9707,              0.0016297,              0.0016297,              0.0016297
                    189,                0.85683,                 0.7057,                0.99479,                0.85538,                0.88864,                0.93643,                0.75815,                0.72503,                0.64481,                0.94894,              0.0016278,              0.0016278,              0.0016278
                    190,                   0.96,                0.78103,                 1.0182,                0.85538,                0.88864,                0.93643,                0.75815,                0.72503,                0.64481,                0.94894,              0.0016258,              0.0016258,              0.0016258
                    191,                0.85119,                0.65645,                0.98074,                0.83907,                0.87973,                0.90425,                0.71221,                0.78827,                0.66298,                0.95055,              0.0016238,              0.0016238,              0.0016238
                    192,                0.82648,                0.66567,                0.98178,                0.83907,                0.87973,                0.90425,                0.71221,                0.78827,                0.66298,                0.95055,              0.0016218,              0.0016218,              0.0016218
                    193,                0.89858,                0.76367,                 1.0287,                0.80926,                0.88641,                0.89393,                0.68612,                0.84031,                0.68595,                0.95456,              0.0016198,              0.0016198,              0.0016198
                    194,                0.83204,                0.69518,                0.99653,                0.80926,                0.88641,                0.89393,                0.68612,                0.84031,                0.68595,                0.95456,              0.0016179,              0.0016179,              0.0016179
                    195,                0.97691,                0.73339,                 1.0089,                  0.841,                0.88864,                0.91619,                0.71876,                0.78225,                0.66338,                0.93813,              0.0016159,              0.0016159,              0.0016159
                    196,                0.87896,                0.65774,                0.96639,                  0.841,                0.88864,                0.91619,                0.71876,                0.78225,                0.66338,                0.93813,              0.0016139,              0.0016139,              0.0016139
                    197,                 1.0144,                0.69172,                0.97872,                0.88905,                0.87305,                0.94424,                0.77627,                0.72316,                0.66994,                0.93034,              0.0016119,              0.0016119,              0.0016119
                    198,                0.89181,                0.68524,                0.98494,                0.88905,                0.87305,                0.94424,                0.77627,                0.72316,                0.66994,                0.93034,              0.0016099,              0.0016099,              0.0016099
                    199,                0.89481,                 0.6892,                 1.0001,                0.87491,                0.87528,                0.93394,                0.76215,                0.76022,                0.69604,                0.93755,               0.001608,               0.001608,               0.001608
                    200,                0.91803,                0.71496,                0.97948,                0.87491,                0.87528,                0.93394,                0.76215,                0.76022,                0.69604,                0.93755,               0.001606,               0.001606,               0.001606
                    201,                0.93643,                0.70986,                 1.0016,                0.87634,                0.88196,                0.94197,                0.74079,                0.84815,                0.65461,                0.95762,               0.001604,               0.001604,               0.001604
                    202,                0.88506,                0.71409,                 1.0251,                0.87634,                0.88196,                0.94197,                0.74079,                0.84815,                0.65461,                0.95762,               0.001602,               0.001602,               0.001602
                    203,                0.85816,                0.66744,                0.99167,                0.88133,                0.89319,                  0.948,                   0.73,                0.85492,                0.62771,                0.96281,                 0.0016,                 0.0016,                 0.0016
                    204,                 1.1062,                0.71183,                0.99845,                0.88133,                0.89319,                  0.948,                   0.73,                0.85492,                0.62771,                0.96281,              0.0015981,              0.0015981,              0.0015981
                    205,                0.85871,                0.66627,                 1.0093,                0.88353,                0.89546,                0.95084,                0.75498,                0.78874,                0.61153,                0.95078,              0.0015961,              0.0015961,              0.0015961
                    206,                0.89217,                0.68555,                0.98415,                0.88353,                0.89546,                0.95084,                0.75498,                0.78874,                0.61153,                0.95078,              0.0015941,              0.0015941,              0.0015941
                    207,                0.87143,                0.63064,                0.95734,                0.88391,                0.89532,                0.95342,                0.75277,                0.78259,                0.61559,                0.95265,              0.0015921,              0.0015921,              0.0015921
                    208,                0.86744,                0.65916,                0.95278,                0.88391,                0.89532,                0.95342,                0.75277,                0.78259,                0.61559,                0.95265,              0.0015901,              0.0015901,              0.0015901
                    209,                0.90975,                 0.6634,                0.99127,                0.89189,                0.88191,                0.94737,                0.74314,                0.80974,                0.62734,                 0.9561,              0.0015882,              0.0015882,              0.0015882
                    210,                0.83599,                0.63952,                0.98299,                0.89189,                0.88191,                0.94737,                0.74314,                0.80974,                0.62734,                 0.9561,              0.0015862,              0.0015862,              0.0015862
                    211,                 1.0768,                0.70929,                0.95419,                0.83575,                 0.8726,                0.92006,                 0.6576,                0.99862,                0.72147,                0.99734,              0.0015842,              0.0015842,              0.0015842
                    212,                0.95673,                0.71891,                 1.0094,                0.83575,                 0.8726,                0.92006,                 0.6576,                0.99862,                0.72147,                0.99734,              0.0015822,              0.0015822,              0.0015822
                    213,                 0.9227,                0.68796,                0.99239,                0.80601,                0.85131,                0.89813,                 0.6541,                0.97673,                 0.7644,                0.99653,              0.0015802,              0.0015802,              0.0015802
                    214,                0.91635,                0.72333,                0.99307,                0.80601,                0.85131,                0.89813,                 0.6541,                0.97673,                 0.7644,                0.99653,              0.0015783,              0.0015783,              0.0015783
                    215,                0.92031,                0.72963,                 0.9917,                0.78819,                0.86414,                0.90581,                0.71678,                0.80968,                0.72541,                0.95305,              0.0015763,              0.0015763,              0.0015763
                    216,                0.80741,                 0.6867,                0.95024,                0.78819,                0.86414,                0.90581,                0.71678,                0.80968,                0.72541,                0.95305,              0.0015743,              0.0015743,              0.0015743
                    217,                0.83374,                0.70113,                0.97844,                0.81313,                0.92873,                0.93846,                0.74516,                0.75645,                0.70576,                0.92609,              0.0015723,              0.0015723,              0.0015723
                    218,                0.87647,                  0.637,                0.95774,                0.81313,                0.92873,                0.93846,                0.74516,                0.75645,                0.70576,                0.92609,              0.0015703,              0.0015703,              0.0015703
                    219,                0.87814,                0.67786,                0.98827,                0.83755,                0.89532,                0.91608,                0.74484,                0.75314,                0.76985,                0.92243,              0.0015684,              0.0015684,              0.0015684
                    220,                0.78321,                0.63837,                0.95801,                0.83755,                0.89532,                0.91608,                0.74484,                0.75314,                0.76985,                0.92243,              0.0015664,              0.0015664,              0.0015664
                    221,                0.84177,                0.68891,                0.98001,                 0.8298,                0.89978,                0.90539,                0.73953,                0.75056,                0.73853,                0.92462,              0.0015644,              0.0015644,              0.0015644
                    222,                0.81234,                0.68315,                0.96075,                 0.8298,                0.89978,                0.90539,                0.73953,                0.75056,                0.73853,                0.92462,              0.0015624,              0.0015624,              0.0015624
                    223,                0.77211,                0.63761,                0.96222,                0.85652,                0.91759,                0.94385,                0.75255,                0.81994,                0.64622,                0.94325,              0.0015604,              0.0015604,              0.0015604
                    224,                0.86427,                0.63165,                0.98101,                0.85652,                0.91759,                0.94385,                0.75255,                0.81994,                0.64622,                0.94325,              0.0015585,              0.0015585,              0.0015585
                    225,                0.84609,                0.66348,                0.98214,                0.86992,                0.89369,                0.94188,                0.75766,                0.81119,                0.63868,                0.95121,              0.0015565,              0.0015565,              0.0015565
                    226,                0.83099,                0.65067,                0.97286,                0.86992,                0.89369,                0.94188,                0.75766,                0.81119,                0.63868,                0.95121,              0.0015545,              0.0015545,              0.0015545
                    227,                0.82837,                0.68447,                0.95276,                0.86217,                0.89166,                0.93906,                0.75964,                0.73639,                0.61948,                0.94094,              0.0015525,              0.0015525,              0.0015525
                    228,                0.81698,                0.65458,                0.96152,                0.86217,                0.89166,                0.93906,                0.75964,                0.73639,                0.61948,                0.94094,              0.0015505,              0.0015505,              0.0015505
                    229,                0.77655,                 0.6478,                0.95529,                0.87265,                0.88515,                0.94113,                0.75515,                0.78065,                0.60885,                0.95052,              0.0015486,              0.0015486,              0.0015486
                    230,                0.80063,                0.62649,                0.96269,                0.87265,                0.88515,                0.94113,                0.75515,                0.78065,                0.60885,                0.95052,              0.0015466,              0.0015466,              0.0015466
                    231,                0.89347,                0.66847,                0.97206,                0.88468,                0.89532,                0.94958,                0.77055,                0.77713,                0.60808,                0.94186,              0.0015446,              0.0015446,              0.0015446
                    232,                0.91519,                 0.7148,                0.96018,                0.88468,                0.89532,                0.94958,                0.77055,                0.77713,                0.60808,                0.94186,              0.0015426,              0.0015426,              0.0015426
                    233,                0.85543,                0.66525,                0.99368,                0.88211,                0.89991,                0.95134,                0.74898,                0.82522,                0.61714,                0.93812,              0.0015406,              0.0015406,              0.0015406
                    234,                 0.8443,                0.66149,                0.94574,                0.88211,                0.89991,                0.95134,                0.74898,                0.82522,                0.61714,                0.93812,              0.0015387,              0.0015387,              0.0015387
                    235,                0.78791,                0.64462,                0.97368,                 0.8558,                0.91204,                 0.9292,                0.74202,                0.82405,                0.66942,                0.93552,              0.0015367,              0.0015367,              0.0015367
                    236,                0.82479,                0.63449,                0.96765,                 0.8558,                0.91204,                 0.9292,                0.74202,                0.82405,                0.66942,                0.93552,              0.0015347,              0.0015347,              0.0015347
                    237,                0.87714,                0.64068,                0.96094,                0.80426,                0.89681,                0.88822,                0.73454,                0.73285,                0.73555,                0.91927,              0.0015327,              0.0015327,              0.0015327
                    238,                0.77306,                0.61184,                0.95418,                0.80426,                0.89681,                0.88822,                0.73454,                0.73285,                0.73555,                0.91927,              0.0015307,              0.0015307,              0.0015307
                    239,                0.83304,                0.67646,                0.97942,                0.82288,                0.88419,                0.90269,                0.74398,                0.72636,                0.71444,                0.91706,              0.0015288,              0.0015288,              0.0015288
                    240,                0.84729,                0.71055,                 0.9802,                0.82288,                0.88419,                0.90269,                0.74398,                0.72636,                0.71444,                0.91706,              0.0015268,              0.0015268,              0.0015268
                    241,                0.79986,                0.62717,                0.93894,                0.85367,                0.91091,                0.94221,                0.75973,                 0.7895,                0.63543,                0.92868,              0.0015248,              0.0015248,              0.0015248
                    242,                0.80293,                0.63284,                0.95908,                0.85367,                0.91091,                0.94221,                0.75973,                 0.7895,                0.63543,                0.92868,              0.0015228,              0.0015228,              0.0015228
                    243,                0.79163,                0.61684,                0.95093,                0.87641,                0.90019,                0.95065,                0.76267,                0.76825,                 0.5905,                0.92574,              0.0015208,              0.0015208,              0.0015208
                    244,                0.82778,                0.60647,                0.94254,                0.87641,                0.90019,                0.95065,                0.76267,                0.76825,                 0.5905,                0.92574,              0.0015189,              0.0015189,              0.0015189
                    245,                0.81435,                0.63258,                0.93785,                0.88091,                0.88864,                0.94784,                0.76061,                0.72381,                 0.5882,                0.92261,              0.0015169,              0.0015169,              0.0015169
                    246,                  0.962,                 0.8795,                0.98915,                0.88091,                0.88864,                0.94784,                0.76061,                0.72381,                 0.5882,                0.92261,              0.0015149,              0.0015149,              0.0015149
                    247,                0.77818,                0.63564,                0.94572,                0.88413,                0.89532,                0.95172,                0.77446,                0.71055,                 0.5715,                0.91727,              0.0015129,              0.0015129,              0.0015129
                    248,                0.83557,                0.62156,                0.96474,                0.88413,                0.89532,                0.95172,                0.77446,                0.71055,                 0.5715,                0.91727,              0.0015109,              0.0015109,              0.0015109
